Flight_number,Date,Seat Number,Customer_name,Customer_phone
536,5/31/2015,Y98,Johnny Evans,7-(454)658-9579
536,5/31/2015,Q88,Juan Mitchell,0-(641)242-5359
536,5/31/2015,A91,Ralph Watkins,5-(358)362-7298
536,5/31/2015,D33,Lillian Gomez,8-(520)876-8682
536,5/31/2015,K60,Ernest Harrison,1-(893)320-2420
1093,5/31/2015,S08,Victor Ramos,9-(698)932-1176
1093,5/31/2015,D73,Jeffrey Armstrong,8-(725)604-2506
1093,5/31/2015,F70,Kathy Fisher,2-(830)831-2756
1093,5/31/2015,A51,Nicole White,1-(522)218-0652
1093,5/31/2015,P50,Martha Austin,4-(373)883-9894
1093,5/31/2015,Q08,Brian Murphy,1-(942)171-6353
5817,5/31/2015,D57,Michael Freeman,0-(284)531-8107
5817,5/31/2015,J15,Roger Gordon,9-(416)766-4118
5817,5/31/2015,S69,Judith Moreno,3-(631)834-8827
5817,5/31/2015,X12,Mildred Sanchez,7-(251)913-1866
5817,5/31/2015,M86,Kathy Gordon,2-(202)398-1072
5817,5/31/2015,F34,Kenneth Jenkins,2-(775)516-9077
5817,5/31/2015,K79,Lillian White,6-(030)113-8329
5817,5/31/2015,N85,Norma Lewis,3-(403)103-6348
1111,5/31/2015,K60,Teresa Reynolds,0-(714)785-6713
1111,5/31/2015,R18,John Schmidt,5-(261)792-8421
1111,5/31/2015,P72,Lisa Andrews,6-(602)209-9623
1111,5/31/2015,O95,Louise Tucker,3-(043)676-6030
4009,5/31/2015,B73,Nicole Johnston,7-(058)565-1819
4009,5/31/2015,Y42,Eric Mitchell,7-(572)367-3012
4009,5/31/2015,P19,Brenda Hayes,7-(730)103-6694
4009,5/31/2015,P21,Juan Campbell,1-(275)794-7818
2419,5/31/2015,Z74,Brian Gibson,7-(909)777-9694
2419,5/31/2015,T73,Amy Snyder,1-(255)084-4344
2419,5/31/2015,K19,Joan Brooks,7-(999)967-1177
7027,5/31/2015,Y31,Benjamin Young,3-(861)150-7714
7027,5/31/2015,F61,Craig Montgomery,2-(501)755-8617
7027,5/31/2015,A53,Billy Sullivan,9-(470)552-4253
7027,5/31/2015,T11,Cheryl Welch,0-(570)540-7251
7027,5/31/2015,T08,Todd Cole,2-(509)628-1632
5496,5/31/2015,R75,Louis Robertson,4-(375)789-6877
5496,5/31/2015,X97,Ronald Rogers,0-(615)774-1053
5496,5/31/2015,V53,Dorothy Carpenter,3-(164)380-6025
5496,5/31/2015,B02,Samuel Anderson,7-(387)873-5163
1486,5/31/2015,W76,Dorothy Gilbert,0-(691)899-8174
1486,5/31/2015,O65,Elizabeth James,7-(356)782-6661
1486,5/31/2015,N65,Henry Gray,5-(303)101-4869
1486,5/31/2015,J75,Deborah Dixon,7-(816)629-4313
1486,5/31/2015,S10,Helen Lane,4-(371)267-3027
1486,5/31/2015,B87,Jacqueline Fuller,8-(444)721-1751
1486,5/31/2015,U41,Justin Taylor,6-(478)530-2197
1486,5/31/2015,H90,Helen Taylor,6-(647)332-2742
5222,5/31/2015,E35,Wanda Bell,8-(045)911-4186
5222,5/31/2015,V30,Andrew Sanchez,1-(625)016-1447
5222,5/31/2015,K27,Jean Scott,0-(506)240-5751
5222,5/31/2015,T16,Ralph Duncan,1-(954)729-5535
5075,5/31/2015,Z42,Dorothy Sims,0-(157)087-6022
5075,5/31/2015,M22,Christina Banks,6-(974)575-9534
162,5/31/2015,C26,Diana Castillo,2-(302)835-7171
162,5/31/2015,A75,Jane Ramirez,1-(521)214-3807
162,5/31/2015,A00,Kathryn Lee,0-(185)622-9673
162,5/31/2015,P30,Frank Hart,4-(667)680-4282
162,5/31/2015,U04,Rachel Henderson,1-(324)374-6728
811,5/31/2015,J35,Peter Burton,3-(824)895-6417
811,5/31/2015,W80,Ernest Hunter,7-(025)257-4737
811,5/31/2015,V57,Samuel Henry,3-(784)673-7783
811,5/31/2015,U26,Scott Duncan,9-(370)794-4148
811,5/31/2015,P40,Todd Hamilton,8-(360)929-2191
811,5/31/2015,H18,Christina Dixon,6-(053)300-8149
4495,5/31/2015,K10,Nicole Baker,5-(334)461-6961
4495,5/31/2015,I69,Donna Willis,6-(388)548-1552
1182,5/31/2015,T57,Emily King,1-(905)998-0328
1182,5/31/2015,P46,Lillian Washington,8-(001)341-7402
1182,5/31/2015,C89,Joe Ramos,4-(662)892-5950
199,5/31/2015,N48,Michael Spencer,2-(872)640-1799
199,5/31/2015,V20,Janet Banks,0-(871)052-0265
199,5/31/2015,X31,Barbara Hart,2-(427)888-3407
199,5/31/2015,U99,Mildred Elliott,1-(922)669-6606
4447,5/31/2015,D01,Pamela Robinson,4-(313)324-8425
4447,5/31/2015,U99,Kevin Cox,2-(287)067-1977
4447,5/31/2015,G81,Jimmy Cole,8-(006)020-0559
4447,5/31/2015,X22,Kathy Richardson,0-(775)718-4796
4447,5/31/2015,E33,Jerry Cruz,0-(742)963-7580
8835,5/31/2015,L06,Samuel Stephens,7-(663)653-3873
8835,5/31/2015,F23,Theresa Hansen,4-(352)880-8638
8835,5/31/2015,J63,Albert Stanley,5-(296)044-2379
8835,5/31/2015,N95,Gloria Garza,8-(501)967-2511
8835,5/31/2015,U10,Cynthia Reid,9-(930)947-2834
8835,5/31/2015,C76,Donna Garcia,5-(766)871-4046
1780,5/31/2015,J66,Phyllis Oliver,2-(203)193-8397
1780,5/31/2015,C72,Jose Peters,4-(997)223-6194
1780,5/31/2015,D38,Samuel Diaz,2-(064)167-8557
1780,5/31/2015,N89,Anna Myers,1-(547)545-6784
4452,5/31/2015,T83,Ruby Bishop,2-(157)832-1615
4452,5/31/2015,W44,Cynthia Jacobs,5-(259)839-5030
4452,5/31/2015,N22,Angela Thompson,4-(302)370-7561
4452,5/31/2015,K22,Walter Garrett,8-(243)354-3905
4452,5/31/2015,Y28,Fred Mills,9-(731)634-3675
4452,5/31/2015,H45,Evelyn Fernandez,8-(954)245-2637
4452,5/31/2015,A24,Justin Lee,1-(904)513-4039
6273,5/31/2015,Q40,Virginia Grant,5-(741)585-3363
6273,5/31/2015,A68,Janice Olson,3-(835)752-8073
6273,5/31/2015,L03,Antonio Reed,4-(441)255-5027
6273,5/31/2015,U54,Christine Mendoza,1-(041)333-5377
6273,5/31/2015,X27,Denise Austin,8-(518)649-0449
5358,5/31/2015,W90,Peter Ruiz,3-(377)700-6681
5358,5/31/2015,P67,Ryan Collins,9-(906)552-8615
5358,5/31/2015,T85,Aaron Gibson,0-(323)167-8679
9449,5/31/2015,N33,Martha Lynch,9-(532)437-3010
9449,5/31/2015,Q33,Billy Perry,1-(992)882-2337
3952,5/31/2015,S24,Lois Brown,8-(994)033-4695
3952,5/31/2015,C57,Randy Medina,2-(977)804-1856
3952,5/31/2015,V29,Russell Oliver,8-(701)876-3527
3952,5/31/2015,Q52,Gary Riley,1-(978)004-0579
9851,5/31/2015,M74,Walter Mendoza,3-(291)865-4292
9851,5/31/2015,F82,Jean Barnes,2-(573)240-9837
9851,5/31/2015,N20,Adam Howard,7-(509)273-7805
9851,5/31/2015,P97,Marilyn Nelson,3-(876)994-3140
9851,5/31/2015,X54,Alice Jordan,3-(237)735-8478
,,,,
,,,,
,,,,
,,,,
,,,,
,,,,
,,,,
,,,,
,,,,
,,,,
,,,,
,,,,
,,,,
,,,,
,,,,
,,,,
,,,,
,,,,
,,,,
,,,,
,,,,
,,,,
,,,,
,,,,
,,,,
,,,,
,,,,
,,,,
,,,,
,,,,
,,,,
,,,,
,,,,
,,,,
,,,,
,,,,
,,,,
,,,,
,,,,
,,,,
,,,,
,,,,
,,,,
,,,,
,,,,
,,,,
,,,,
,,,,
,,,,
,,,,
,,,,
,,,,
,,,,
,,,,
,,,,
,,,,
,,,,
,,,,
,,,,
,,,,
,,,,
,,,,
,,,,
,,,,
,,,,
,,,,
,,,,
,,,,
,,,,
,,,,
,,,,
,,,,
,,,,
,,,,
,,,,
,,,,
,,,,
,,,,
,,,,
,,,,
,,,,
,,,,
,,,,
,,,,
,,,,
,,,,
